INSERT INTO user_account (username, password, f_name, l_name, email, max_slot, profile_id, role_id, status) VALUES
    ('admin1', 'admin1', 'Silvano', 'Hennington', 'admin1@gmail.com', NULL, 1, NULL, TRUE),
    ('admin2', 'admin2', 'Kristos', 'Coppo', 'admin2@gmail.com', NULL, 1, NULL, TRUE),
    ('admin3', 'admin3', 'Howard', 'Redmond', 'admin3@gmail.com', NULL, 1, NULL, TRUE),
    ('admin4', 'admin4', 'Ava', 'Vost', 'admin4@gmail.com', NULL, 1, NULL, TRUE),
    ('admin5', 'admin5', 'Clemmy', 'Tabourier', 'admin5@gmail.com', NULL, 1, NULL, TRUE),
    ('owner1', 'owner1', 'Annaliese', 'Enderson', 'owner1@gmail.com', NULL, 2, NULL, TRUE),
    ('owner2', 'owner2', 'Bertha', 'Lasty', 'owner2@gmail.com', NULL, 2, NULL, TRUE),
    ('owner3', 'owner3', 'Konstantin', 'Oakeby', 'owner3@gmail.com', NULL, 2, NULL, TRUE),
    ('owner4', 'owner4', 'Duffie', 'Ondricek', 'owner4@gmail.com', NULL, 2, NULL, TRUE),
    ('owner5', 'owner5', 'Justino', 'Padberry', 'owner5@gmail.com', NULL, 2, NULL, TRUE),
    ('owner6', 'owner6', 'Marshall', 'McDermott-Row', 'owner6@gmail.com', NULL, 2, NULL, TRUE),
    ('owner7', 'owner7', 'Merwyn', 'Yair', 'owner7@gmail.com', NULL, 2, NULL, TRUE),
    ('manager1', 'manager1', 'Brendon', 'Radbourne', 'manager1@gmail.com', NULL, 3, NULL, TRUE),
    ('manager2', 'manager2', 'Maitilde', 'Shore', 'manager2@gmail.com', NULL, 3, NULL, TRUE),
    ('manager3', 'manager3', 'Winnifred', 'Arthan', 'manager3@gmail.com', NULL, 3, NULL, TRUE),
    ('manager4', 'manager4', 'Crichton', 'Flowith', 'manager4@gmail.com', NULL, 3, NULL, TRUE),
    ('manager5', 'manager5', 'Junie', 'Wolfer', 'manager5@gmail.com', NULL, 3, NULL, TRUE),
    ('manager6', 'manager6', 'Cathrin', 'Druett', 'manager6@gmail.com', NULL, 3, NULL, TRUE),
    ('manager7', 'manager7', 'Christoforo', 'Antonnikov', 'manager7@gmail.com', NULL, 3, NULL, TRUE),
    ('manager8', 'manager8', 'Rosemarie', 'Woodyear', 'manager8@gmail.com', NULL, 3, NULL, TRUE),
    ('manager9', 'manager9', 'Martainn', 'Govini', 'manager9@gmail.com', NULL, 3, NULL, TRUE),
    ('manager10', 'manager10', 'Kasper', 'Franck', 'manager10@gmail.com', NULL, 3, NULL, TRUE),
    ('manager11', 'manager11', 'Conan', 'Snoday', 'manager11@gmail.com', NULL, 3, NULL, TRUE),
    ('manager12', 'manager12', 'Clay', 'Maria', 'manager12@gmail.com', NULL, 3, NULL, TRUE),
    ('manager13', 'manager13', 'Addia', 'Swiffen', 'manager13@gmail.com', NULL, 3, NULL, TRUE),
    ('chef1', 'chef1', 'Clementius', 'Mussen', 'chef1@gmail.com', 15, 4, 3, TRUE),
    ('chef2', 'chef2', 'Arda', 'Hammor', 'chef2@gmail.com', 16, 4, 3, TRUE),
    ('chef3', 'chef3', 'Eben', 'Macbey', 'chef3@gmail.com', 17, 4, 3, TRUE),
    ('chef4', 'chef4', 'Cornelia', 'Scurrer', 'chef4@gmail.com', 18, 4, 3, TRUE),
    ('chef5', 'chef5', 'Garner', 'Mottley', 'chef5@gmail.com', 19, 4, 3, TRUE),
    ('chef6', 'chef6', 'Carolyn', 'Stancer', 'chef6@gmail.com', 20, 4, 3, TRUE),
    ('chef7', 'chef7', 'Tobie', 'Jumonet', 'chef7@gmail.com', 21, 4, 3, TRUE),
    ('chef8', 'chef8', 'Irwin', 'Sidry', 'chef8@gmail.com', 14, 4, 3, TRUE),
    ('chef9', 'chef9', 'Catherine', 'Girvan', 'chef9@gmail.com', 16, 4, 3, TRUE),
    ('chef10', 'chef10', 'Lenore', 'Littlefield', 'chef10@gmail.com', 17, 4, 3, TRUE),
    ('chef11', 'chef11', 'Madelyn', 'Fechnie', 'chef11@gmail.com', 15, 4, 3, TRUE),
    ('chef12', 'chef12', 'Blake', 'Timmis', 'chef12@gmail.com', 19, 4, 3, TRUE),
    ('chef13', 'chef13', 'Tirrel', 'Cubbon', 'chef13@gmail.com', 21, 4, 3, TRUE),
    ('chef14', 'chef14', 'Marillin', 'Cordner', 'chef14@gmail.com', 20, 4, 3, TRUE),
    ('chef15', 'chef15', 'Ilaire', 'Lowell', 'chef15@gmail.com', 18, 4, 3, TRUE),
    ('chef16', 'chef16', 'Elbertina', 'Genn', 'chef16@gmail.com', 17, 4, 3, TRUE),
    ('chef17', 'chef17', 'Elfrieda', 'Licquorish', 'chef17@gmail.com', 17, 4, 3, TRUE),
    ('chef18', 'chef18', 'Rickie', 'Skidmore', 'chef18@gmail.com', 18, 4, 3, TRUE),
    ('chef19', 'chef19', 'Amery', 'Garratty', 'chef19@gmail.com', 18, 4, 3, TRUE),
    ('chef20', 'chef20', 'Stavro', 'Coste', 'chef20@gmail.com', 16, 4, 3, TRUE),
    ('chef21', 'chef21', 'Norby', 'Rickman', 'chef21@gmail.com', 17, 4, 3, TRUE),
    ('chef22', 'chef22', 'Kassey', 'Piotrkowski', 'chef22@gmail.com', 15, 4, 3, TRUE),
    ('chef23', 'chef23', 'Gratia', 'Hammerton', 'chef23@gmail.com', 16, 4, 3, TRUE),
    ('chef24', 'chef24', 'Tallia', 'Barbrick', 'chef24@gmail.com', 20, 4, 3, TRUE),
    ('chef25', 'chef25', 'Cristionna', 'Marchi', 'chef25@gmail.com', 21, 4, 3, TRUE),
    ('waiter1', 'waiter1', 'Judi', 'Rowling', 'waiter1@gmail.com', 15, 4, 1, TRUE),
    ('waiter2', 'waiter2', 'Kare', 'Tott', 'waiter2@gmail.com', 16, 4, 1, TRUE),
    ('waiter3', 'waiter3', 'Tamqrah', 'Lille', 'waiter3@gmail.com', 17, 4, 1, TRUE),
    ('waiter4', 'waiter4', 'Kiri', 'Gorcke', 'waiter4@gmail.com', 18, 4, 1, TRUE),
    ('waiter5', 'waiter5', 'Jae', 'Juhruke', 'waiter5@gmail.com', 19, 4, 1, TRUE),
    ('waiter6', 'waiter6', 'Ina', 'Napoleone', 'waiter6@gmail.com', 20, 4, 1, TRUE),
    ('waiter7', 'waiter7', 'Frayda', 'Regan', 'waiter7@gmail.com', 21, 4, 1, TRUE),
    ('waiter8', 'waiter8', 'Morgana', 'Danslow', 'waiter8@gmail.com', 14, 4, 1, TRUE),
    ('waiter9', 'waiter9', 'Antone', 'Butchart', 'waiter9@gmail.com', 16, 4, 1, TRUE),
    ('waiter10', 'waiter10', 'Richard', 'Kubicki', 'waiter10@gmail.com', 17, 4, 1, TRUE),
    ('waiter11', 'waiter11', 'Terrence', 'Polotti', 'waiter11@gmail.com', 15, 4, 1, TRUE),
    ('waiter12', 'waiter12', 'Peg', 'Benmore', 'waiter12@gmail.com', 19, 4, 1, TRUE),
    ('waiter13', 'waiter13', 'Pauly', 'Rawstron', 'waiter13@gmail.com', 21, 4, 1, TRUE),
    ('waiter14', 'waiter14', 'Skipton', 'Wintour', 'waiter14@gmail.com', 20, 4, 1, TRUE),
    ('waiter15', 'waiter15', 'Jess', 'Hayfield', 'waiter15@gmail.com', 18, 4, 1, TRUE),
    ('waiter16', 'waiter16', 'Rodrigo', 'Trask', 'waiter16@gmail.com', 17, 4, 1, TRUE),
    ('waiter17', 'waiter17', 'Karolina', 'Dibson', 'waiter17@gmail.com', 17, 4, 1, TRUE),
    ('waiter18', 'waiter18', 'Tobi', 'Waud', 'waiter18@gmail.com', 18, 4, 1, TRUE),
    ('waiter19', 'waiter19', 'Sascha', 'Gerok', 'waiter19@gmail.com', 18, 4, 1, TRUE),
    ('waiter20', 'waiter20', 'Rubin', 'Manton', 'waiter20@gmail.com', 16, 4, 1, TRUE),
    ('waiter21', 'waiter21', 'Noell', 'Glendza', 'waiter21@gmail.com', 17, 4, 1, TRUE),
    ('waiter22', 'waiter22', 'Lorelle', 'Tetsall', 'waiter22@gmail.com', 15, 4, 1, TRUE),
    ('waiter23', 'waiter23', 'Franklyn', 'Brumpton', 'waiter23@gmail.com', 16, 4, 1, TRUE),
    ('waiter24', 'waiter24', 'Lorine', 'Brister', 'waiter24@gmail.com', 20, 4, 1, TRUE),
    ('waiter25', 'waiter25', 'Mendy', 'Paulich', 'waiter25@gmail.com', 21, 4, 1, TRUE),
    ('cashier1', 'cashier1', 'Egbert', 'Viello', 'cashier1@gmail.com', 15, 4, 2, TRUE),
    ('cashier2', 'cashier2', 'Milena', 'Sibbe', 'cashier2@gmail.com', 16, 4, 2, TRUE),
    ('cashier3', 'cashier3', 'Roland', 'Dahler', 'cashier3@gmail.com', 17, 4, 2, TRUE),
    ('cashier4', 'cashier4', 'Quinn', 'Stiffell', 'cashier4@gmail.com', 18, 4, 2, TRUE),
    ('cashier5', 'cashier5', 'Hughie', 'Gellan', 'cashier5@gmail.com', 19, 4, 2, TRUE),
    ('cashier6', 'cashier6', 'Jemmy', 'Swannell', 'cashier6@gmail.com', 20, 4, 2, TRUE),
    ('cashier7', 'cashier7', 'Rinaldo', 'Bulgen', 'cashier7@gmail.com', 22, 4, 2, TRUE),
    ('cashier8', 'cashier8', 'Paolo', 'Whieldon', 'cashier8@gmail.com', 14, 4, 2, TRUE),
    ('cashier9', 'cashier9', 'Bound', 'Judd', 'cashier9@gmail.com', 16, 4, 2, TRUE),
    ('cashier10', 'cashier10', 'Eda', 'Chantillon', 'cashier10@gmail.com', 17, 4, 2, TRUE),
    ('cashier11', 'cashier11', 'Olivia', 'Collidge', 'cashier11@gmail.com', 15, 4, 2, TRUE),
    ('cashier12', 'cashier12', 'Clementia', 'Cradoc', 'cashier12@gmail.com', 19, 4, 2, TRUE),
    ('cashier13', 'cashier13', 'Meggy', 'Eakly', 'cashier13@gmail.com', 22, 4, 2, TRUE),
    ('cashier14', 'cashier14', 'Catina', 'Strettell', 'cashier14@gmail.com', 20, 4, 2, TRUE),
    ('cashier15', 'cashier15', 'Frederique', 'Fillis', 'cashier15@gmail.com', 18, 4, 2, TRUE),
    ('cashier16', 'cashier16', 'Waylin', 'Rydzynski', 'cashier16@gmail.com', 17, 4, 2, TRUE),
    ('cashier17', 'cashier17', 'Correy', 'Bartzen', 'cashier17@gmail.com', 17, 4, 2, TRUE),
    ('cashier18', 'cashier18', 'Addy', 'Casement', 'cashier18@gmail.com', 18, 4, 2, TRUE),
    ('cashier19', 'cashier19', 'Wake', 'Neeves', 'cashier19@gmail.com', 18, 4, 2, TRUE),
    ('cashier20', 'cashier20', 'Ann', 'Lamcken', 'cashier20@gmail.com', 16, 4, 2, TRUE),
    ('cashier21', 'cashier21', 'Agace', 'Swindell', 'cashier21@gmail.com', 17, 4, 2, TRUE),
    ('cashier22', 'cashier22', 'Floris', 'Mc-Ilrath', 'cashier22@gmail.com', 15, 4, 2, TRUE),
    ('cashier23', 'cashier23', 'Vincenzo', 'Cassano', 'cashier23@gmail.com', 16, 4, 2, TRUE),
    ('cashier24', 'cashier24', 'Anne', 'Bard', 'cashier24@gmail.com', 20, 4, 2, TRUE),
    ('cashier25', 'cashier25', 'Paolo', 'Robertus', 'cashier25@gmail.com', 22, 4, 2, TRUE);


INSERT into `work_slot`(`date`) VALUES
    ("2023-12-01"),
    ("2023-12-02"),
    ("2023-12-03"),
    ("2023-12-04"),
    ("2023-12-05"),
    ("2023-12-06"),
    ("2023-12-07"),
    ("2023-12-08"),
    ("2023-12-09"),
    ("2023-12-10"),
    ("2023-12-11"),
    ("2023-12-12"),
    ("2023-12-13"),
    ("2023-12-14"),
    ("2023-12-15"),
    ("2023-12-16"),
    ("2023-12-17"),
    ("2023-12-18"),
    ("2023-12-19"),
    ("2023-12-20"),
    ("2023-12-21"),
    ("2023-12-22"),
    ("2023-12-23"),
    ("2023-12-24"),
    ("2023-12-25"),
    ("2023-12-26"),
    ("2023-12-27"),
    ("2023-12-28"),
    ("2023-12-29"),
    ("2023-12-30"),
    ("2023-12-31"),
    ("2024-01-01"),
    ("2024-01-02"),
    ("2024-01-03"),
    ("2024-01-04"),
    ("2024-01-05"),
    ("2024-01-06"),
    ("2024-01-07"),
    ("2024-01-08"),
    ("2024-01-09"),
    ("2024-01-10"),
    ("2024-01-11"),
    ("2024-01-12"),
    ("2024-01-13"),
    ("2024-01-14"),
    ("2024-01-15"),
    ("2024-01-16"),
    ("2024-01-17"),
    ("2024-01-18"),
    ("2024-01-19"),
    ("2024-01-20"),
    ("2024-01-21"),
    ("2024-01-22"),
    ("2024-01-23"),
    ("2024-01-24"),
    ("2024-01-25"),
    ("2024-01-26"),
    ("2024-01-27"),
    ("2024-01-28"),
    ("2024-01-29"),
    ("2024-01-30"),
    ("2024-02-01"),
    ("2024-02-02"),
    ("2024-02-03"),
    ("2024-02-04"),
    ("2024-02-05"),
    ("2024-02-06"),
    ("2024-02-07"),
    ("2024-02-08"),
    ("2024-02-09"),
    ("2024-02-10"),
    ("2024-02-11"),
    ("2024-02-12"),
    ("2024-02-13"),
    ("2024-02-14"),
    ("2024-02-15"),
    ("2024-02-16"),
    ("2024-02-17"),
    ("2024-02-18"),
    ("2024-02-19"),
    ("2024-02-20"),
    ("2024-02-21"),
    ("2024-02-22"),
    ("2024-02-23"),
    ("2024-02-24"),
    ("2024-02-25"),
    ("2024-02-26"),
    ("2024-02-27"),
    ("2024-02-28"),
    ("2024-02-29"),
    ("2024-03-01"),
    ("2024-03-02"),
    ("2024-03-03"),
    ("2024-03-04"),
    ("2024-03-05"),
    ("2024-03-06"),
    ("2024-03-07"),
    ("2024-03-08"),
    ("2024-03-09"),
    ("2024-03-10");

INSERT into `role_amount`(`date`, `role_id`, `amount`) VALUES
--    ("2023-12-01", 1, 20),
    ("2023-12-02", 1, 20),
    ("2023-12-03", 1, 20),
    ("2023-12-04", 1, 20),
    ("2023-12-05", 1, 20),
    ("2023-12-06", 1, 20),
    ("2023-12-07", 1, 20),
    ("2023-12-08", 1, 20),
    ("2023-12-09", 1, 20),
    ("2023-12-10", 1, 20),
    ("2023-12-11", 1, 20),
    ("2023-12-12", 1, 20),
    ("2023-12-13", 1, 20),
    ("2023-12-14", 1, 20),
    ("2023-12-15", 1, 20),
    ("2023-12-16", 1, 20),
    ("2023-12-17", 1, 20),
    ("2023-12-18", 1, 20),
    ("2023-12-19", 1, 20),
    ("2023-12-20", 1, 20),
    ("2023-12-21", 1, 20),
    ("2023-12-22", 1, 20),
    ("2023-12-23", 1, 20),
    ("2023-12-24", 1, 20),
    ("2023-12-25", 1, 20),
    ("2023-12-26", 1, 20),
    ("2023-12-27", 1, 20),
    ("2023-12-28", 1, 20),
    ("2023-12-29", 1, 20),
    ("2023-12-30", 1, 20),
    ("2023-12-31", 1, 20),
    ("2024-01-01", 1, 20),
    ("2024-01-02", 1, 20),
    ("2024-01-03", 1, 20),
    ("2024-01-04", 1, 20),
    ("2024-01-05", 1, 20),
    ("2024-01-06", 1, 20),
    ("2024-01-07", 1, 20),
    ("2024-01-08", 1, 20),
    ("2024-01-09", 1, 20),
    ("2024-01-10", 1, 20),
    ("2024-01-11", 1, 20),
    ("2024-01-12", 1, 20),
    ("2024-01-13", 1, 20),
    ("2024-01-14", 1, 20),
    ("2024-01-15", 1, 20),
    ("2024-01-16", 1, 20),
    ("2024-01-17", 1, 20),
    ("2024-01-18", 1, 20),
    ("2024-01-19", 1, 20),
    ("2024-01-20", 1, 20),
    ("2024-01-21", 1, 20),
    ("2024-01-22", 1, 20),
    ("2024-01-23", 1, 20),
    ("2024-01-24", 1, 20),
    ("2024-01-25", 1, 20),
    ("2024-01-26", 1, 20),
    ("2024-01-27", 1, 20),
    ("2024-01-28", 1, 20),
    ("2024-01-29", 1, 20),
    ("2024-01-30", 1, 20),
    ("2024-02-01", 1, 20),
    ("2024-02-02", 1, 20),
    ("2024-02-03", 1, 20),
    ("2024-02-04", 1, 20),
    ("2024-02-05", 1, 20),
    ("2024-02-06", 1, 20),
    ("2024-02-07", 1, 20),
    ("2024-02-08", 1, 20),
    ("2024-02-09", 1, 20),
    ("2024-02-10", 1, 20),
    ("2024-02-11", 1, 20),
    ("2024-02-12", 1, 20),
    ("2024-02-13", 1, 20),
    ("2024-02-14", 1, 20),
    ("2024-02-15", 1, 20),
    ("2024-02-16", 1, 20),
    ("2024-02-17", 1, 20),
    ("2024-02-18", 1, 20),
    ("2024-02-19", 1, 20),
    ("2024-02-20", 1, 20),
    ("2024-02-21", 1, 20),
    ("2024-02-22", 1, 20),
    ("2024-02-23", 1, 20),
    ("2024-02-24", 1, 20),
    ("2024-02-25", 1, 20),
    ("2024-02-26", 1, 20),
    ("2024-02-27", 1, 20),
    ("2024-02-28", 1, 20),
    ("2024-02-29", 1, 20),
    ("2024-03-01", 1, 20),
    ("2024-03-02", 1, 20),
    ("2024-03-03", 1, 20),
    ("2024-03-04", 1, 20),
    ("2024-03-05", 1, 20),
    ("2024-03-06", 1, 20),
    ("2024-03-07", 1, 20),
    ("2024-03-08", 1, 20),
    ("2024-03-09", 1, 20),
    ("2024-03-10", 1, 20),
    ("2023-12-01", 2, 20),
    ("2023-12-02", 2, 20),
    ("2023-12-03", 2, 20),
    ("2023-12-04", 2, 20),
    ("2023-12-05", 2, 20),
    ("2023-12-06", 2, 20),
    ("2023-12-07", 2, 20),
    ("2023-12-08", 2, 20),
    ("2023-12-09", 2, 20),
    ("2023-12-10", 2, 20),
    ("2023-12-11", 2, 20),
    ("2023-12-12", 2, 20),
    ("2023-12-13", 2, 20),
    ("2023-12-14", 2, 20),
    ("2023-12-15", 2, 20),
    ("2023-12-16", 2, 20),
    ("2023-12-17", 2, 20),
    ("2023-12-18", 2, 20),
    ("2023-12-19", 2, 20),
    ("2023-12-20", 2, 20),
    ("2023-12-21", 2, 20),
    ("2023-12-22", 2, 20),
    ("2023-12-23", 2, 20),
    ("2023-12-24", 2, 20),
    ("2023-12-25", 2, 20),
    ("2023-12-26", 2, 20),
    ("2023-12-27", 2, 20),
    ("2023-12-28", 2, 20),
    ("2023-12-29", 2, 20),
    ("2023-12-30", 2, 20),
    ("2023-12-31", 2, 20),
    ("2024-01-01", 2, 20),
    ("2024-01-02", 2, 20),
    ("2024-01-03", 2, 20),
    ("2024-01-04", 2, 20),
    ("2024-01-05", 2, 20),
    ("2024-01-06", 2, 20),
    ("2024-01-07", 2, 20),
    ("2024-01-08", 2, 20),
    ("2024-01-09", 2, 20),
    ("2024-01-10", 2, 20),
    ("2024-01-11", 2, 20),
    ("2024-01-12", 2, 20),
    ("2024-01-13", 2, 20),
    ("2024-01-14", 2, 20),
    ("2024-01-15", 2, 20),
    ("2024-01-16", 2, 20),
    ("2024-01-17", 2, 20),
    ("2024-01-18", 2, 20),
    ("2024-01-19", 2, 20),
    ("2024-01-20", 2, 20),
    ("2024-01-21", 2, 20),
    ("2024-01-22", 2, 20),
    ("2024-01-23", 2, 20),
    ("2024-01-24", 2, 20),
    ("2024-01-25", 2, 20),
    ("2024-01-26", 2, 20),
    ("2024-01-27", 2, 20),
    ("2024-01-28", 2, 20),
    ("2024-01-29", 2, 20),
    ("2024-01-30", 2, 20),
    ("2024-02-01", 2, 20),
    ("2024-02-02", 2, 20),
    ("2024-02-03", 2, 20),
    ("2024-02-04", 2, 20),
    ("2024-02-05", 2, 20),
    ("2024-02-06", 2, 20),
    ("2024-02-07", 2, 20),
    ("2024-02-08", 2, 20),
    ("2024-02-09", 2, 20),
    ("2024-02-10", 2, 20),
    ("2024-02-11", 2, 20),
    ("2024-02-12", 2, 20),
    ("2024-02-13", 2, 20),
    ("2024-02-14", 2, 20),
    ("2024-02-15", 2, 20),
    ("2024-02-16", 2, 20),
    ("2024-02-17", 2, 20),
    ("2024-02-18", 2, 20),
    ("2024-02-19", 2, 20),
    ("2024-02-20", 2, 20),
    ("2024-02-21", 2, 20),
    ("2024-02-22", 2, 20),
    ("2024-02-23", 2, 20),
    ("2024-02-24", 2, 20),
    ("2024-02-25", 2, 20),
    ("2024-02-26", 2, 20),
    ("2024-02-27", 2, 20),
    ("2024-02-28", 2, 20),
    ("2024-02-29", 2, 20),
    ("2024-03-01", 2, 20),
    ("2024-03-02", 2, 20),
    ("2024-03-03", 2, 20),
    ("2024-03-04", 2, 20),
    ("2024-03-05", 2, 20),
    ("2024-03-06", 2, 20),
    ("2024-03-07", 2, 20),
    ("2024-03-08", 2, 20),
    ("2024-03-09", 2, 20),
    ("2024-03-10", 2, 20),
    ("2023-12-01", 3, 20),
    ("2023-12-02", 3, 20),
    ("2023-12-03", 3, 20),
    ("2023-12-04", 3, 20),
    ("2023-12-05", 3, 20),
    ("2023-12-06", 3, 20),
    ("2023-12-07", 3, 20),
    ("2023-12-08", 3, 20),
    ("2023-12-09", 3, 20),
    ("2023-12-10", 3, 20),
    ("2023-12-11", 3, 20),
    ("2023-12-12", 3, 20),
    ("2023-12-13", 3, 20),
    ("2023-12-14", 3, 20),
    ("2023-12-15", 3, 20),
    ("2023-12-16", 3, 20),
    ("2023-12-17", 3, 20),
    ("2023-12-18", 3, 20),
    ("2023-12-19", 3, 20),
    ("2023-12-20", 3, 20),
    ("2023-12-21", 3, 20),
    ("2023-12-22", 3, 20),
    ("2023-12-23", 3, 20),
    ("2023-12-24", 3, 20),
    ("2023-12-25", 3, 20),
    ("2023-12-26", 3, 20),
    ("2023-12-27", 3, 20),
    ("2023-12-28", 3, 20),
    ("2023-12-29", 3, 20),
    ("2023-12-30", 3, 20),
    ("2023-12-31", 3, 20),
    ("2024-01-01", 3, 20),
    ("2024-01-02", 3, 20),
    ("2024-01-03", 3, 20),
    ("2024-01-04", 3, 20),
    ("2024-01-05", 3, 20),
    ("2024-01-06", 3, 20),
    ("2024-01-07", 3, 20),
    ("2024-01-08", 3, 20),
    ("2024-01-09", 3, 20),
    ("2024-01-10", 3, 20),
    ("2024-01-11", 3, 20),
    ("2024-01-12", 3, 20),
    ("2024-01-13", 3, 20),
    ("2024-01-14", 3, 20),
    ("2024-01-15", 3, 20),
    ("2024-01-16", 3, 20),
    ("2024-01-17", 3, 20),
    ("2024-01-18", 3, 20),
    ("2024-01-19", 3, 20),
    ("2024-01-20", 3, 20),
    ("2024-01-21", 3, 20),
    ("2024-01-22", 3, 20),
    ("2024-01-23", 3, 20),
    ("2024-01-24", 3, 20),
    ("2024-01-25", 3, 20),
    ("2024-01-26", 3, 20),
    ("2024-01-27", 3, 20),
    ("2024-01-28", 3, 20),
    ("2024-01-29", 3, 20),
    ("2024-01-30", 3, 20),
    ("2024-02-01", 3, 20),
    ("2024-02-02", 3, 20),
    ("2024-02-03", 3, 20),
    ("2024-02-04", 3, 20),
    ("2024-02-05", 3, 20),
    ("2024-02-06", 3, 20),
    ("2024-02-07", 3, 20),
    ("2024-02-08", 3, 20),
    ("2024-02-09", 3, 20),
    ("2024-02-10", 3, 20),
    ("2024-02-11", 3, 20),
    ("2024-02-12", 3, 20),
    ("2024-02-13", 3, 20),
    ("2024-02-14", 3, 20),
    ("2024-02-15", 3, 20),
    ("2024-02-16", 3, 20),
    ("2024-02-17", 3, 20),
    ("2024-02-18", 3, 20),
    ("2024-02-19", 3, 20),
    ("2024-02-20", 3, 20),
    ("2024-02-21", 3, 20),
    ("2024-02-22", 3, 20),
    ("2024-02-23", 3, 20),
    ("2024-02-24", 3, 20),
    ("2024-02-25", 3, 20),
    ("2024-02-26", 3, 20),
    ("2024-02-27", 3, 20),
    ("2024-02-28", 3, 20),
    ("2024-02-29", 3, 20),
    ("2024-03-01", 3, 20),
    ("2024-03-02", 3, 20),
    ("2024-03-03", 3, 20),
    ("2024-03-04", 3, 20),
    ("2024-03-05", 3, 20),
    ("2024-03-06", 3, 20),
    ("2024-03-07", 3, 20),
    ("2024-03-08", 3, 20),
    ("2024-03-09", 3, 20),
    ("2024-03-10", 3, 20);

INSERT INTO `bid`(`bid_status`, `username`, `date`) VALUES
    ("Pending", "chef1", "2023-12-01"),
    ("Pending", "chef2", "2023-12-02"),
    ("Pending", "chef3", "2023-12-03"),
    ("Pending", "chef4", "2023-12-04"),
    ("Pending", "chef5", "2023-12-05"),
    ("Pending", "chef6", "2023-12-06"),
    ("Pending", "chef7", "2023-12-07"),
    ("Pending", "chef8", "2023-12-08"),
    ("Pending", "chef9", "2023-12-09"),
    ("Pending", "chef10", "2023-12-10"),
    ("Pending", "chef11", "2023-12-11"),
    ("Pending", "chef12", "2023-12-12"),
    ("Pending", "chef13", "2023-12-13"),
    ("Pending", "chef14", "2023-12-14"),
    ("Pending", "chef15", "2023-12-15"),
    ("Pending", "chef16", "2023-12-16"),
    ("Pending", "chef17", "2023-12-17"),
    ("Pending", "chef18", "2023-12-18"),
    ("Pending", "chef19", "2023-12-19"),
    ("Pending", "chef20", "2023-12-20"),
    ("Pending", "chef21", "2023-12-21"),
    ("Pending", "chef22", "2023-12-22"),
    ("Pending", "chef23", "2023-12-23"),
    ("Pending", "chef24", "2023-12-24"),
    ("Pending", "chef25", "2023-12-25"),
    ("Pending", "waiter1", "2023-12-01"),
    ("Pending", "waiter2", "2023-12-02"),
    ("Pending", "waiter3", "2023-12-03"),
    ("Pending", "waiter4", "2023-12-04"),
    ("Pending", "waiter5", "2023-12-05"),
    ("Pending", "waiter6", "2023-12-06"),
    ("Pending", "waiter7", "2023-12-07"),
    ("Pending", "waiter8", "2023-12-08"),
    ("Pending", "waiter9", "2023-12-09"),
    ("Pending", "waiter10", "2023-12-10"),
    ("Pending", "waiter11", "2023-12-11"),
    ("Pending", "waiter12", "2023-12-12"),
    ("Pending", "waiter13", "2023-12-13"),
    ("Pending", "waiter14", "2023-12-14"),
    ("Pending", "waiter15", "2023-12-15"),
    ("Pending", "waiter16", "2023-12-16"),
    ("Pending", "waiter17", "2023-12-17"),
    ("Pending", "waiter18", "2023-12-18"),
    ("Pending", "waiter19", "2023-12-19"),
    ("Pending", "waiter20", "2023-12-20"),
    ("Pending", "waiter21", "2023-12-21"),
    ("Pending", "waiter22", "2023-12-22"),
    ("Pending", "waiter23", "2023-12-23"),
    ("Pending", "waiter24", "2023-12-24"),
    ("Pending", "waiter25", "2023-12-25"),
    ("Pending", "cashier1", "2023-12-01"),
    ("Pending", "cashier2", "2023-12-02"),
    ("Pending", "cashier3", "2023-12-03"),
    ("Pending", "cashier4", "2023-12-04"),
    ("Pending", "cashier5", "2023-12-05"),
    ("Pending", "cashier6", "2023-12-06"),
    ("Pending", "cashier7", "2023-12-07"),
    ("Pending", "cashier8", "2023-12-08"),
    ("Pending", "cashier9", "2023-12-09"),
    ("Pending", "cashier10", "2023-12-10"),
    ("Pending", "cashier11", "2023-12-11"),
    ("Pending", "cashier12", "2023-12-12"),
    ("Pending", "cashier13", "2023-12-13"),
    ("Pending", "cashier14", "2023-12-14"),
    ("Pending", "cashier15", "2023-12-15"),
    ("Pending", "cashier16", "2023-12-16"),
    ("Pending", "cashier17", "2023-12-17"),
    ("Pending", "cashier18", "2023-12-18"),
    ("Pending", "cashier19", "2023-12-19"),
    ("Pending", "cashier20", "2023-12-20"),
    ("Pending", "cashier21", "2023-12-21"),
    ("Pending", "cashier22", "2023-12-22"),
    ("Pending", "cashier23", "2023-12-23"),
    ("Pending", "cashier24", "2023-12-24"),
    ("Pending", "cashier25", "2023-12-25"),
    ("Pending", "waiter1", "2024-01-01"),
    ("Pending", "waiter2", "2024-01-02"),
    ("Pending", "waiter3", "2024-01-03"),
    ("Pending", "waiter4", "2024-01-04"),
    ("Pending", "waiter5", "2024-01-05"),
    ("Pending", "waiter6", "2024-01-06"),
    ("Pending", "waiter7", "2024-01-07"),
    ("Pending", "waiter8", "2024-01-08"),
    ("Pending", "waiter9", "2024-01-09"),
    ("Pending", "waiter10", "2024-01-10"),
    ("Pending", "waiter11", "2024-01-11"),
    ("Pending", "waiter12", "2024-01-12"),
    ("Pending", "waiter13", "2024-01-13"),
    ("Pending", "waiter14", "2024-01-14"),
    ("Pending", "waiter15", "2024-01-15"),
    ("Pending", "waiter16", "2024-01-16"),
    ("Pending", "waiter17", "2024-01-17"),
    ("Pending", "waiter18", "2024-01-18"),
    ("Pending", "waiter19", "2024-01-19"),
    ("Pending", "waiter20", "2024-01-20"),
    ("Pending", "waiter21", "2024-01-21"),
    ("Pending", "waiter22", "2024-01-22"),
    ("Pending", "waiter23", "2024-01-23"),
    ("Pending", "waiter24", "2024-01-24"),
    ("Pending", "waiter25", "2024-01-25");